YEAR,LOCATION,COMMODITY,AREA HARVESTED in ACRES,AREA PLANTED in ACRES,PRODUCTION in $,AREA LOST
2000,ALABAMA,COTTON,"530,000","590,000","137,618,000","60,000"
2000,FLORIDA,COTTON,"106,000","130,000","28,747,000","24,000"
2000,GEORGIA,COTTON,"1,350,000","1,500,000","443,821,000","150,000"
2000,LOUISIANA,COTTON,"695,000","710,000","225,636,000","15,000"
2000,MISSISSIPPI,COTTON,"1,280,000","1,300,000","414,746,000","20,000"
2000,NORTH CAROLINA,COTTON,"925,000","930,000","363,538,000","5,000"
2000,SOUTH CAROLINA,COTTON,"290,000","300,000","100,056,000","10,000"
2000,TEXAS,COTTON,"4,416,000","6,416,000","868,061,000","2,000,000"
2000,VIRGINIA,COTTON,"108,000","110,000","48,366,000","2,000"
2001,ALABAMA,COTTON,"605,000","610,000","122,323,000","5,000"
2001,FLORIDA,COTTON,"124,000","125,000","22,373,000","1,000"
2001,GEORGIA,COTTON,"1,480,000","1,490,000","326,074,000","10,000"
2001,LOUISIANA,COTTON,"855,000","870,000","139,466,000","15,000"
2001,MISSISSIPPI,COTTON,"1,600,000","1,620,000","304,771,000","20,000"
2001,NORTH CAROLINA,COTTON,"965,000","970,000","254,564,000","5,000"
2001,SOUTH CAROLINA,COTTON,"296,000","300,000","64,973,000","4,000"
2001,TEXAS,COTTON,"4,266,500","6,017,000","580,723,000","1,750,500"
2001,VIRGINIA,COTTON,"104,000","105,000","29,084,000","1,000"
2002,ALABAMA,COTTON,"540,000","590,000","119,016,000","50,000"
2002,FLORIDA,COTTON,"105,000","120,000","20,275,000","15,000"
2002,GEORGIA,COTTON,"1,360,000","1,450,000","335,546,000","90,000"
2002,LOUISIANA,COTTON,"495,000","520,000","156,077,000","25,000"
2002,MISSISSIPPI,COTTON,"1,150,000","1,170,000","408,672,000","20,000"
2002,NORTH CAROLINA,COTTON,"920,000","940,000","163,263,000","20,000"
2002,SOUTH CAROLINA,COTTON,"200,000","290,000","25,781,000","90,000"
2002,TEXAS,COTTON,"4,518,300","5,618,500","967,680,000","1,100,200"
2002,VIRGINIA,COTTON,"98,000","100,000","18,924,000","2,000"
2003,ALABAMA,COTTON,"510,000","525,000","234,586,000","15,000"
2003,FLORIDA,COTTON,"92,000","94,000","36,785,000","2,000"
2003,GEORGIA,COTTON,"1,290,000","1,300,000","619,834,000","10,000"
2003,LOUISIANA,COTTON,"510,000","525,000","300,213,000","15,000"
2003,MISSISSIPPI,COTTON,"1,090,000","1,110,000","614,630,000","20,000"
2003,NORTH CAROLINA,COTTON,"770,000","810,000","322,051,000","40,000"
2003,SOUTH CAROLINA,COTTON,"218,000","220,000","97,487,000","2,000"
2003,TEXAS,COTTON,"4,370,000","5,620,000","1,199,237,000","1,250,000"
2003,VIRGINIA,COTTON,"85,000","89,000","36,680,000","4,000"
2004,ALABAMA,COTTON,"540,000","550,000","158,632,000","10,000"
2004,FLORIDA,COTTON,"87,000","89,000","24,276,000","2,000"
2004,GEORGIA,COTTON,"1,280,000","1,290,000","369,176,000","10,000"
2004,LOUISIANA,COTTON,"490,000","500,000","175,867,000","10,000"
2004,MISSISSIPPI,COTTON,"1,100,000","1,110,000","461,693,000","10,000"
2004,NORTH CAROLINA,COTTON,"725,000","730,000","285,274,000","5,000"
2004,SOUTH CAROLINA,COTTON,"214,000","215,000","80,496,000","1,000"
2004,TEXAS,COTTON,"5,370,500","5,871,000","1,493,510,000","500,500"
2004,VIRGINIA,COTTON,"81,000","82,000","29,439,000","1,000"
2005,ALABAMA,COTTON,"545,000","550,000","198,228,000","5,000"
2005,FLORIDA,COTTON,"85,000","86,000","31,104,000","1,000"
2005,GEORGIA,COTTON,"1,210,000","1,220,000","501,274,000","10,000"
2005,LOUISIANA,COTTON,"600,000","610,000","247,709,000","10,000"
2005,MISSISSIPPI,COTTON,"1,200,000","1,210,000","475,088,000","10,000"
2005,NORTH CAROLINA,COTTON,"810,000","815,000","315,910,000","5,000"
2005,SOUTH CAROLINA,COTTON,"265,000","266,000","96,432,000","1,000"
2005,TEXAS,COTTON,"5,624,000","5,974,800","1,879,757,000","350,800"
2005,VIRGINIA,COTTON,"92,000","93,000","39,967,000","1,000"
2006,ALABAMA,COTTON,"560,000","575,000","144,504,000","15,000"
2006,FLORIDA,COTTON,"101,000","103,000","36,812,000","2,000"
2006,GEORGIA,COTTON,"1,370,000","1,400,000","526,550,000","30,000"
2006,LOUISIANA,COTTON,"630,000","635,000","274,608,000","5,000"
2006,MISSISSIPPI,COTTON,"1,220,000","1,230,000","455,112,000","10,000"
2006,NORTH CAROLINA,COTTON,"865,000","870,000","282,494,000","5,000"
2006,SOUTH CAROLINA,COTTON,"298,000","300,000","99,763,000","2,000"
2006,TEXAS,COTTON,"4,130,000","6,431,000","1,288,992,000","2,301,000"
2006,VIRGINIA,COTTON,"104,000","105,000","32,075,000","1,000"
2007,ALABAMA,COTTON,"385,000","400,000","119,209,000","15,000"
2007,FLORIDA,COTTON,"81,000","85,000","32,294,000","4,000"
2007,GEORGIA,COTTON,"995,000","1,030,000","474,893,000","35,000"
2007,LOUISIANA,COTTON,"330,000","335,000","191,246,000","5,000"
2007,MISSISSIPPI,COTTON,"655,000","660,000","364,401,000","5,000"
2007,NORTH CAROLINA,COTTON,"490,000","500,000","209,719,000","10,000"
2007,SOUTH CAROLINA,COTTON,"158,000","180,000","44,544,000","22,000"
2007,TEXAS,COTTON,"4,724,000","4,925,000","2,391,840,000","201,000"
2007,VIRGINIA,COTTON,"59,000","60,000","27,244,000","1,000"
2008,ALABAMA,COTTON,"286,000","290,000","101,079,000","4,000"
2008,FLORIDA,COTTON,"65,000","67,000","29,998,000","2,000"
2008,GEORGIA,COTTON,"920,000","940,000","394,752,000","20,000"
2008,LOUISIANA,COTTON,"234,000","300,000","70,677,000","66,000"
2008,MISSISSIPPI,COTTON,"360,000","365,000","157,691,000","5,000"
2008,NORTH CAROLINA,COTTON,"428,000","430,000","167,429,000","2,000"
2008,SOUTH CAROLINA,COTTON,"134,000","135,000","57,859,000","1,000"
2008,TEXAS,COTTON,"3,265,000","5,015,600","937,670,000","1,750,600"
2008,VIRGINIA,COTTON,"60,000","61,000","25,606,000","1,000"
2009,ALABAMA,COTTON,"248,000","255,000","107,853,000","7,000"
2009,FLORIDA,COTTON,"78,000","82,000","37,957,000","4,000"
2009,GEORGIA,COTTON,"990,000","1,000,000","606,211,000","10,000"
2009,LOUISIANA,COTTON,"225,000","230,000","105,203,000","5,000"
2009,MISSISSIPPI,COTTON,"295,000","305,000","129,847,000","10,000"
2009,NORTH CAROLINA,COTTON,"370,000","375,000","235,859,000","5,000"
2009,SOUTH CAROLINA,COTTON,"114,000","115,000","64,584,000","1,000"
2009,TEXAS,COTTON,"3,517,800","5,018,000","1,328,342,000","1,500,200"
2009,VIRGINIA,COTTON,"63,000","64,000","35,796,000","1,000"
2010,ALABAMA,COTTON,"338,000","340,000","199,526,000","2,000"
2010,FLORIDA,COTTON,"89,000","92,000","53,097,000","3,000"
2010,GEORGIA,COTTON,"1,315,000","1,330,000","980,640,000","15,000"
2010,LOUISIANA,COTTON,"249,000","255,000","169,906,000","6,000"
2010,MISSISSIPPI,COTTON,"410,000","420,000","321,969,000","10,000"
2010,NORTH CAROLINA,COTTON,"545,000","550,000","337,339,000","5,000"
2010,SOUTH CAROLINA,COTTON,"201,000","202,000","140,774,000","1,000"
2010,TEXAS,COTTON,"5,366,500","5,567,000","3,006,797,000","200,500"
2010,VIRGINIA,COTTON,"82,000","83,000","43,140,000","1,000"
2011,ALABAMA,COTTON,"443,000","460,000","303,482,000","17,000"
2011,FLORIDA,COTTON,"118,000","122,000","85,908,000","4,000"
2011,GEORGIA,COTTON,"1,495,000","1,600,000","1,116,941,000","105,000"
2011,LOUISIANA,COTTON,"290,000","295,000","228,110,000","5,000"
2011,MISSISSIPPI,COTTON,"605,000","630,000","562,752,000","25,000"
2011,NORTH CAROLINA,COTTON,"800,000","805,000","442,740,000","5,000"
2011,SOUTH CAROLINA,COTTON,"301,000","303,000","229,190,000","2,000"
2011,TEXAS,COTTON,"2,868,500","7,570,000","1,375,920,000","4,701,500"
2011,VIRGINIA,COTTON,"115,000","116,000","69,206,000","1,000"
2012,ALABAMA,COTTON,"378,000","380,000","259,618,000","2,000"
2012,FLORIDA,COTTON,"107,000","108,000","73,248,000","1,000"
2012,GEORGIA,COTTON,"1,280,000","1,290,000","1,072,742,000","10,000"
2012,LOUISIANA,COTTON,"225,000","230,000","159,002,000","5,000"
2012,MISSISSIPPI,COTTON,"470,000","475,000","362,723,000","5,000"
2012,NORTH CAROLINA,COTTON,"580,000","585,000","428,652,000","5,000"
2012,SOUTH CAROLINA,COTTON,"298,000","299,000","215,472,000","1,000"
2012,TEXAS,COTTON,"3,807,500","6,508,000","1,675,200,000","2,700,500"
2012,VIRGINIA,COTTON,"85,000","86,000","69,854,000","1,000"
2013,ALABAMA,COTTON,"359,000","365,000","231,941,000","6,000"
2013,FLORIDA,COTTON,"127,000","131,000","68,880,000","4,000"
2013,GEORGIA,COTTON,"1,340,000","1,370,000","918,720,000","30,000"
2013,LOUISIANA,COTTON,"128,000","130,000","122,680,000","2,000"
2013,MISSISSIPPI,COTTON,"287,000","290,000","281,273,000","3,000"
2013,NORTH CAROLINA,COTTON,"460,000","465,000","299,659,000","5,000"
2013,SOUTH CAROLINA,COTTON,"250,000","258,000","141,523,000","8,000"
2013,TEXAS,COTTON,"3,108,500","5,809,000","1,493,194,000","2,700,500"
2013,VIRGINIA,COTTON,"77,000","78,000","58,129,000","1,000"
2014,ALABAMA,COTTON,"348,000","350,000","189,004,000","2,000"
2014,FLORIDA,COTTON,"105,000","107,000","61,471,000","2,000"
2014,GEORGIA,COTTON,"1,370,000","1,380,000","806,774,000","10,000"
2014,LOUISIANA,COTTON,"168,000","170,000","121,394,000","2,000"
2014,MISSISSIPPI,COTTON,"420,000","425,000","340,476,000","5,000"
2014,NORTH CAROLINA,COTTON,"460,000","465,000","319,037,000","5,000"
2014,SOUTH CAROLINA,COTTON,"278,000","280,000","166,003,000","2,000"
2014,TEXAS,COTTON,"4,616,000","6,217,000","1,739,868,000","1,601,000"
2014,VIRGINIA,COTTON,"86,000","87,000","70,756,000","1,000"
2015,ALABAMA,COTTON,"307,000","315,000","181,623,000","8,000"
2015,FLORIDA,COTTON,"83,000","85,000","53,832,000","2,000"
2015,GEORGIA,COTTON,"1,120,000","1,130,000","752,268,000","10,000"
2015,LOUISIANA,COTTON,"112,000","115,000","61,508,000","3,000"
2015,MISSISSIPPI,COTTON,"315,000","320,000","238,694,000","5,000"
2015,NORTH CAROLINA,COTTON,"355,000","385,000","156,835,000","30,000"
2015,SOUTH CAROLINA,COTTON,"136,000","235,000","52,526,000","99,000"
2015,TEXAS,COTTON,"4,515,000","4,817,000","1,564,992,000","302,000"
2015,VIRGINIA,COTTON,"84,000","85,000","40,017,000","1,000"
2016,ALABAMA,COTTON,"343,000","345,000","240,605,000","2,000"
2016,FLORIDA,COTTON,"102,000","103,000","63,786,000","1,000"
2016,GEORGIA,COTTON,"1,165,000","1,180,000","753,408,000","15,000"
2016,LOUISIANA,COTTON,"137,000","140,000","89,791,000","3,000"
2016,MISSISSIPPI,COTTON,"430,000","435,000","367,886,000","5,000"
2016,NORTH CAROLINA,COTTON,"255,000","280,000","108,333,000","25,000"
2016,SOUTH CAROLINA,COTTON,"183,000","190,000","77,040,000","7,000"
2016,TEXAS,COTTON,"5,215,000","5,667,000","2,593,296,000","452,000"
2016,VIRGINIA,COTTON,"72,000","73,000","29,616,000","1,000"
2017,ALABAMA,COTTON,"430,000","435,000","265,939,000","5,000"
2017,FLORIDA,COTTON,"98,000","99,000","52,454,000","1,000"
2017,GEORGIA,COTTON,"1,270,000","1,280,000","794,880,000","10,000"
2017,LOUISIANA,COTTON,"217,000","220,000","137,957,000","3,000"
2017,MISSISSIPPI,COTTON,"625,000","630,000","465,024,000","5,000"
2017,NORTH CAROLINA,COTTON,"367,000","375,000","239,198,000","8,000"
2017,SOUTH CAROLINA,COTTON,"248,000","250,000","151,152,000","2,000"
2017,TEXAS,COTTON,"5,513,000","6,914,000","3,009,600,000","1,401,000"
2017,VIRGINIA,COTTON,"83,000","84,000","62,712,000","1,000"